,tweets,id,len,date,source,likes,retweets
0,RT @Ayman_H_Kandeel: Today we present a new premium car insurance plan coupled with a 360 experience to the Egyptian market. ‚ÄúAuto Highline‚Ä¶,1132613406740090880,140,2019-05-26 11:44:13,Twitter for iPhone,0,4
1,"How #telemedicine helps insurers tackle the healthcare challenge? @guiborie, CEO of #AXA Next and Group Chief Innov‚Ä¶ https://t.co/LLtHhqdfTC",1131817579511783424,140,2019-05-24 07:01:53,Twitter Web Client,13,5
2,"Comment la #t√©l√©m√©decine peut-elle aider les assureurs √† relever les d√©fis du secteur de la sant√© ? @guiborie, DG d‚Ä¶ https://t.co/Z6lSIU7VTs",1131817454710263808,140,2019-05-24 07:01:24,Twitter Web Client,24,12
3,RT @AXAResearchFund: #BiodiversityDay How much does clean air cost ? What is the societal value of carbon storage ? Discover Dr. @KelvinPeh‚Ä¶,1131238194438201345,140,2019-05-22 16:39:37,Twitter for iPhone,0,5
4,Happy to have welcomed @serenawilliams to tell us about the role of self-belief in her life‚Äôs journey alongside‚Ä¶ https://t.co/13cjO95fP4,1131106015687172096,136,2019-05-22 07:54:23,Twitter Web Client,123,34
5,RT @AXAUK: Protecting marine #biodiversity matters more than you might think. It's why we're working tirelessly to understand the health of‚Ä¶,1131103278157246464,140,2019-05-22 07:43:31,Twitter for iPhone,0,7
6,RT @SoubranneC: #JourneeBiodiversite : aux c√¥t√©s de 16 acteurs publics et priv√©s ‚Å¶@AXA‚Å© appelle dans une tribune ‚Å¶@lemondefr‚Å© √† investir da‚Ä¶,1131098668898111489,140,2019-05-22 07:25:12,Twitter for iPhone,0,16
7,"@steo123  Hello, thanks for your tweet. Can you please let me know where you are located so your local team can help you?",1130874854603988993,121,2019-05-21 16:35:50,Mod√©rateur,0,0
8,"@Edmarshall71 Hello, could you please let me kow where you are located so the local team can help you?",1130765258270945280,102,2019-05-21 09:20:20,Mod√©rateur,0,0
9,"RT @Womens_Forum: ""On est pass√©sde 9% de #femmes parmi les √©quipes dirigeantes en 2009 √† 29% en 2017. Et on souhaite monter √† 50% d'ici √† 2‚Ä¶",1130438511314767873,140,2019-05-20 11:41:58,Twitter Web Client,0,13
10,"RT @Eric_Lemaire: Ce qui lie nos clients √† @AXA, c‚Äôest la confiance. En assurant l‚Äôessentiel, nous vous permettons de croire encore plus en‚Ä¶",1130399075747209217,140,2019-05-20 09:05:16,Twitter for iPhone,0,28
11,"RT @AXAFrance: La confiance en soi m√®ne aux plus belles r√©ussites. Inspirez-vous de ceux qui l‚Äôincarnent üí™ #LaConfianceEstEnVous

üëâ https:/‚Ä¶",1130394310850023424,140,2019-05-20 08:46:20,Twitter Web Client,0,111
12,"RT @FlashTweet: ‚úÖ[#VivaFlash with @AXA] 

#Apricity , la 1ere clinique virtuelle de la #fertilit√© by @cnoub 

#VivaTech #TransfoNum #Tech #‚Ä¶",1129442271169060865,140,2019-05-17 17:43:16,Twitter Web Client,0,16
13,"RT @FlashTweet: ‚úÖ[#VivaFlash with @AXA] 

#ITV @thomasbuberl : pourquoi #Axa acc√©l√®re sur la #sant√© 

#VivaTech #TransfoNum #Tech #innovati‚Ä¶",1129442203359694848,140,2019-05-17 17:42:59,Twitter Web Client,0,38
14,"""My goal for #AXA is to provide impactful solutions to tackle challenges faced by societies. One of the most import‚Ä¶ https://t.co/PwMfm9yxhb",1129385646274076672,140,2019-05-17 13:58:15,Twitter Web Client,39,15
15,"""Innovation's a means to an end and since 2015, #AXA has invested around ‚Ç¨1bn. We've been successful in launching t‚Ä¶ https://t.co/Zb7gBarsCW",1129384442584272897,140,2019-05-17 13:53:28,Twitter Web Client,22,11
16,"""Health is an extremely booming market. The needs for health insurance are way higher than for any other type of in‚Ä¶ https://t.co/8n8KNPuBar",1129382769824600065,140,2019-05-17 13:46:49,Twitter Web Client,21,7
17,"""Everywhere at #AXA our desire is to transform the company, but transformation is difficult when the company goes w‚Ä¶ https://t.co/EOIRBHNiDw",1129381340170858498,140,2019-05-17 13:41:09,Twitter Web Client,20,7
18,RT @udecoene: Fireside chat between @thomasbuberl &amp; Maurice Levy starts with the need to balance roots and ambition when transforming large‚Ä¶,1129377758956707840,144,2019-05-17 13:26:55,Twitter Web Client,0,5
19,Congrats @MedsafCom for your prize and for making #healthcare more accessible through African hospitals and pharmac‚Ä¶ https://t.co/ZRyiKXvy3f,1129376734904758272,140,2019-05-17 13:22:51,Twitter Web Client,14,2
20,"RT @pressecitron: üë©‚ÄçüíªOn a test√© ùóïùóºùóªùó∑ùóºùòÇùóøùóóùóºùó∞ùòÅùó≤ùòÇùóø @AXA, pour consulter un m√©decin 24h/24 &amp; 7J/7 avec une simple connexion internet !

Pratique‚Ä¶",1129361681996558336,144,2019-05-17 12:23:02,Twitter Web Client,0,31
21,"#AXA Group CEO, @thomasbuberl will speak with Maurice L√©vy on #health and #innovation at 3pm on stage 1 @VivaTech https://t.co/C4IULYC0HP",1129360775506796545,137,2019-05-17 12:19:26,Twitter Web Client,15,4
22,"Comment les assureurs peuvent-il simplifier la vie des patients ? @rohnambiar, DG de #AXA Affin Life Insurance a fa‚Ä¶ https://t.co/APsgqDU6TZ",1129357454389796869,140,2019-05-17 12:06:14,Twitter Web Client,9,4
23,"How can insurers make the patient‚Äôs life easier? @rohnambiar, CEO of #AXA Affin Life Insurance came all the way fro‚Ä¶ https://t.co/enycuygMEe",1129357205503971331,140,2019-05-17 12:05:14,Twitter Web Client,8,3
24,"""La collaboration entre les multinationales et les startups est essentielle pour am√©liorer l'acc√®s aux soins des ‚ôÄ""‚Ä¶ https://t.co/8app9oyGM5",1129348362799603714,140,2019-05-17 11:30:06,Twitter Web Client,29,5
25,"""Collaboration between multinational companies and startups is fundamental to improve women‚Äôs access to #health""‚Ä¶ https://t.co/jBw4y5zLDb",1129347404774432768,137,2019-05-17 11:26:18,Twitter Web Client,13,2
26,"J2 @VivaTech : le stand #AXA accueille @HShabrawishi, SDO Afrique chez AXA, pour expliquer comment @AXAEgypt a repe‚Ä¶ https://t.co/YekZ6LBycc",1129322544278982658,140,2019-05-17 09:47:31,Twitter Web Client,15,4
27,"Day 2 @VivaTech: the #AXA booth welcomes @HShabrawishi, SDO of #AXA in Africa, who explains how @AXAEgypt is redefi‚Ä¶ https://t.co/Sq18mk9For",1129321863614816257,140,2019-05-17 09:44:48,Twitter Web Client,11,5
28,"Le Cin√©ma a le @Festival_Cannes, l‚Äôinnovation a @VivaTech: Tapis rouge pour les startups #sant√© soutenus par #AXA.‚Ä¶ https://t.co/5L2jrguv7V",1129316595476652032,139,2019-05-17 09:23:52,Twitter Web Client,15,4
29,"Cinema has the @Festival_Cannes, Innovation has @VivaTech: Red carpet for the #HealthTech start-ups supported by‚Ä¶ https://t.co/X35VNXIkmr",1129316340920213504,137,2019-05-17 09:22:52,Twitter Web Client,10,5
30,"Innovation in #Health is crucial for emerging markets according to #AXA. Join @bclaveranne, CEO International &amp; New‚Ä¶ https://t.co/DhiRyMwrOV",1129310645638320128,144,2019-05-17 09:00:14,Twitter Web Client,7,2
31,"L‚Äôinnovation dans la sant√©, c‚Äôest aussi un enjeu fondamental pour les march√©s √©mergents selon #AXA. Venez participe‚Ä¶ https://t.co/62epxJl7uR",1129309834854182912,140,2019-05-17 08:57:00,Twitter Web Client,7,1
32,"RT @RomChamp: @udecoene @AXA Group Head of Communication, Brand &amp; CR, speaking at the @sanofi booth to discuss the power of tech to improve‚Ä¶",1129306598915092481,144,2019-05-17 08:44:09,Twitter Web Client,0,6
33,End of the 1st episode @VivaTech! See you tomorrow at the #AXA booth. Come and try our #telemedicine cabin and don‚Äô‚Ä¶ https://t.co/Nw2ueOFRLV,1129076134799396866,140,2019-05-16 17:28:22,Twitter Web Client,23,9
34,Clap de fin pour la 1√®re journ√©e √† @VivaTech !  Rdv demain. Venez nombreux sur le stand #AXA pour essayer notre cab‚Ä¶ https://t.co/XNaFW9dAxV,1129075476037799937,140,2019-05-16 17:25:45,Twitter Web Client,16,3
35,"RT @HealthandTechEU: #VivaTech Investissement #HealthTech en Asie : 6,3 milliards de dollars, dont 85 % sur le march√© chinois @frankdesvign‚Ä¶",1129041373196357633,140,2019-05-16 15:10:14,Twitter Web Client,0,7
36,"At #AXA, innovation also involves the incubation of numerous health-related start-ups, including @_Qare_ which prov‚Ä¶ https://t.co/8rvjQy2WiM",1129038671326437377,140,2019-05-16 14:59:30,Twitter Web Client,12,5
37,"Chez #AXA, l‚Äô#innovation passe √©galement par l‚Äôincubation de nombreuses startups #sant√© et notamment @_Qare_ qui pr‚Ä¶ https://t.co/BrW2ghQCVv",1129038548680806402,140,2019-05-16 14:59:01,Twitter Web Client,6,2
38,#AXA is leading the way on #telemedicine in the French market. Already 8 million people benefit from our service ma‚Ä¶ https://t.co/vMdaThBuEx,1129035355666223104,140,2019-05-16 14:46:19,Twitter Web Client,14,3
39,#AXA est aujourd‚Äôhui un leader de la #t√©l√©m√©decine en France. D√©j√† 8 millions de personnes b√©n√©ficient de notre ser‚Ä¶ https://t.co/1NdWrUmJne,1129035104356065282,140,2019-05-16 14:45:19,Twitter Web Client,21,15
40,"¬´ Nous, assureurs, devons √™tre acteurs de la r√©volution technologique dans la sant√© ¬ª, avant son √©change avec Mauri‚Ä¶ https://t.co/d892q5GYSd",1128986920455954432,140,2019-05-16 11:33:52,Twitter Web Client,31,21
41,"‚ÄúWe, insurers, must actively participate in the upcoming healthcare revolution‚Äù, before his chat with Maurice L√©vy‚Ä¶ https://t.co/J9NLQwJzf4",1128986473083150338,139,2019-05-16 11:32:05,Twitter Web Client,27,10
42,"#AXA in partnership with the @Womens_forum and @sanofi, have awarded their first ‚ÄúDaring Circle Women &amp; Access to H‚Ä¶ https://t.co/xoQZ6NmmYx",1128957214515974145,144,2019-05-16 09:35:49,Twitter Web Client,17,11
43,"En partenariat avec le @Womens_forum et @sanofi, #AXA a remis le premier prix du ¬´ Cercle Daring Women &amp; Access to‚Ä¶ https://t.co/LkJ9mByHFG",1128955256208089088,143,2019-05-16 09:28:02,Twitter Web Client,21,9
44,"üóìÔ∏è Discover the program of #AXA at @Vivatech  including an intervention of @thomasbuberl, CEO of AXA Group, on Frid‚Ä¶ https://t.co/ryY4dvTMul",1128919222103498752,140,2019-05-16 07:04:51,Twitter Web Client,21,13
45,"üóìÔ∏è @ThomasBuberl, CEO du groupe AXA s‚Äôexprimera vendredi apr√®s-midi √† @VivaTech. D√©couvrez le programme complet d‚Äô‚Ä¶ https://t.co/ve9qKRigxv",1128918924530262016,139,2019-05-16 07:03:40,Twitter Web Client,15,8
46,"RT @bclaveranne: What do Medsaf, a Nigerian start-up fighting counterfeit drugs, and @AXA, a global health insurer, have in common? Come &amp;‚Ä¶",1128706784603062273,143,2019-05-15 17:00:42,Twitter Web Client,0,7
47,"From May 16 to 18, over 100k visitors and 10k startups will be at @Vivatech to discover the tech solutions that wil‚Ä¶ https://t.co/gDuk1KxZk7",1128660885671686145,140,2019-05-15 13:58:19,Twitter Web Client,53,20
48,"Du 16 au 18 mai, plus de 100k visiteurs et 10k startups seront √† @Vivatech pour d√©couvrir les solutions tech qui tr‚Ä¶ https://t.co/eXvqf4Ym2n",1128659113595015168,140,2019-05-15 13:51:16,Twitter Web Client,29,11
49,Reconstruction is key after disasters. #AXA and @UNHABITAT release guidelines to support safer housing reconstructi‚Ä¶ https://t.co/AN2WZ1Xedq,1128624692154204160,140,2019-05-15 11:34:30,Twitter Web Client,17,7
50,"RT @MinistereCC: .@franckriester annonce l‚Äôentr√©e de la peinture ""Le Pardon"", dit aussi ""Les Bretonnes dans la prairie"" (1888), d‚ÄôEmile Ber‚Ä¶",1127955796250251264,140,2019-05-13 15:16:32,Twitter for iPhone,0,76
51,Congrats @ManCity for Premier League title. What @LFC have achieved this season is incredible. Self-belief has driv‚Ä¶ https://t.co/QU5KTx6D5Y,1127632527185907714,140,2019-05-12 17:51:59,Twitter for iPhone,75,14
52,"Self Belief Drives Every Journey. We are proud to be Official Principal Partner of Liverpool F.C.@LFC 
Congrats‚Ä¶ https://t.co/fd4lgugXuz",1126205318084603910,136,2019-05-08 19:20:46,Twitter Web Client,103,24
53,KNOW YOU CAN !! @AXA @LFC https://t.co/NuaDfJt4qV,1125879304569729024,49,2019-05-07 21:45:18,Twitter Web Client,994,102
54,"Along w/ @WWFFrance, #AXA recommends the creation of a ‚ÄúTask Force on Nature Impact Disclosures‚Äù to integrate Natur‚Ä¶ https://t.co/Gvj83BTlmR",1125356148448739328,140,2019-05-06 11:06:28,Twitter Web Client,40,19
55,RT @SoubranneC: This Monday morning @thomasbuberl will intervene during the @G7fr meeting to present our common recommendations @AXA @WWF f‚Ä¶,1125323248265199617,140,2019-05-06 08:55:44,Twitter Web Client,0,4
56,"Nous sommes fiers d'annoncer une nouvelle √©tape dans notre partenariat avec le @LFC. D√®s la saison 2019/20, #AXA de‚Ä¶ https://t.co/Q7BkEQosHm",1124233882939867136,140,2019-05-03 08:46:59,Twitter Web Client,185,57
57,"We are proud to announce the next exciting step in our partnership with @LFC. From 2019/20 season, #AXA will become‚Ä¶ https://t.co/qjd4WMMJlB",1124224219359907842,140,2019-05-03 08:08:35,Twitter Web Client,3770,685
58,"G√©rald Harlin, Directeur g√©n√©ral adjoint et Directeur financier du Groupe #AXA : ""AXA a r√©alis√© une tr√®s bonne perf‚Ä¶ https://t.co/4eDZbPidoy",1124008106617389059,140,2019-05-02 17:49:50,Twitter Web Client,31,14
59,"G√©rald Harlin, Deputy CEO and Group Chief Financial Officer of #AXA: ""AXA delivered another strong performance in t‚Ä¶ https://t.co/niqgVsQdZi",1124006763039199233,140,2019-05-02 17:44:30,Twitter Web Client,50,23
60,üì¢ #AXA publie ses indicateurs d‚Äôactivit√© T1 2019 : une croissance soutenue et s√©lective https://t.co/p2NsHxJZiB,1123978003376214016,111,2019-05-02 15:50:13,Twitter Web Client,17,14
61,üì¢ #AXA publishes its 1Q19 Activity indicators: Strong and disciplined growth https://t.co/wjH1xKbL7C,1123977722663972864,100,2019-05-02 15:49:06,Twitter Web Client,30,14
62,"@stevenjay5 Hello, very sorry to hear about this. The @axainsurance team will get in touch with you to help.",1121449905564934146,108,2019-04-25 16:24:27,Mod√©rateur,0,0
63,#AG2019AXA | Le Groupe @AXA remercie tous les actionnaires qui se sont d√©plac√©s au Palais des Congr√®s √† Paris hier‚Ä¶ https://t.co/cqXso5o7PB,1121437308929101824,139,2019-04-25 15:34:24,Twitter Media Studio,37,8
64,RT @AXA_XL: Sylvie Gleises from AXA XL is at @Blockchain_Expo in London today to discuss the potential of Blockchain for fine art insurance‚Ä¶,1121368822701858816,140,2019-04-25 11:02:16,Twitter Web Client,0,6
65,"@Rawlo72 Hello Mark, we are sorry to read your tweet. Could you please DM @AXA_Assistance with more details so this‚Ä¶ https://t.co/sV4cLhqQOA",1121054652060045317,140,2019-04-24 14:13:51,Mod√©rateur,0,0
66,"#AG2019AXA | G√©rald Harlin, Directeur G√©n√©ral Adjoint et Directeur Financier du Groupe : ""D√©cisive dans son process‚Ä¶ https://t.co/b2UDlJAyWX",1121046135982968832,140,2019-04-24 13:40:01,Twitter Media Studio,21,8
67,#AG2019AXA C√©line Soubranne &amp; Guillaume Borie pr√©sentent les services de demain et les engagements d‚Äô@AXA en mati√®r‚Ä¶ https://t.co/zQypYyyM1R,1121038392429559809,144,2019-04-24 13:09:15,Twitter Media Studio,29,25
68,"Thomas Buberl, Directeur g√©n√©ral d'@AXA, pr√©sente aux actionnaires √†  l'assembl√©e g√©n√©rale annuelle, le bilan 2018,‚Ä¶ https://t.co/lvRaeSId1D",1121033384552169473,140,2019-04-24 12:49:21,Twitter Media Studio,39,16
69,"Denis Duverne, Pr√©sident du Conseil d‚ÄôAdministration d‚Äô#AXA, va ouvrir l‚ÄôAssembl√©e g√©n√©rale annuelle dans quelques‚Ä¶ https://t.co/f9AiQxBKO1",1121028628710600705,139,2019-04-24 12:30:27,Twitter Web Client,15,4
70,"""Building the future of insurance"" is the motto driving the 2018 edition of AXA's Integrated Report - Let Sophie Bo‚Ä¶ https://t.co/PKOOKw83dC",1120979794940846081,140,2019-04-24 09:16:24,Twitter Media Studio,143,32
71,"Pour revenir sur l‚Äôann√©e 2018, d√©cisive pour le Groupe, et donner les cl√©s pour mieux comprendre ses activit√©s :‚Ä¶ https://t.co/y3jdoigotd",1120700672318627842,137,2019-04-23 14:47:16,Twitter Web Client,40,21
72,"Have a look back at 2018, a pivotal year for @AXA‚Äôs transformation, and get insight on #insurance with the 2018 AXA‚Ä¶ https://t.co/Q41xwbyGzO",1120699952043364358,140,2019-04-23 14:44:24,Twitter Web Client,35,16
73,üóìÔ∏è Mercredi 24/04 : L'Assembl√©e G√©n√©rale annuelle #AXA 2019 d√©butera demain √† 14h30. A suivre sur notre site intern‚Ä¶ https://t.co/cuwL7xq8d9,1120672292437151744,140,2019-04-23 12:54:30,Twitter Web Client,28,16
74,üóìÔ∏è Wednesday 24 April - The 2019 #AXA Shareholders' Meeting will start tomorrow at 02:30 PM CEST. To follow on https://t.co/Ywm1W8uxTH @AXA,1120671935464189953,139,2019-04-23 12:53:05,Twitter Web Client,10,3
75,"""Pour r√©concilier l'entrepreneuriat avec la grande entreprise, il faut d√©velopper une gouvernance et une vision qui‚Ä¶ https://t.co/iZxPaSixCk",1119251350259404800,140,2019-04-19 14:48:11,Twitter Web Client,53,20
76,"@unetortuee @Mon_AXA Bonjour, navr√© de lire votre tweet. Pouvez-vous m'indiquer votre pays afin que les √©quipes loc‚Ä¶ https://t.co/gEbyCjEZLM",1119220848764817408,140,2019-04-19 12:46:59,Mod√©rateur,0,0
77,"@Susie21347259 Hello, very sorry to hear this. Can I know where you‚Äôre located so the local team can help?",1118908289595604992,106,2019-04-18 16:04:59,Mod√©rateur,0,0
78,"üì¢ #AXA s‚Äôassocie √† l‚Äô√©lan de solidarit√© apr√®s l‚Äôincendie de #NotreDame de Paris
https://t.co/L9V2UInJDG",1118191405887819779,103,2019-04-16 16:36:20,Twitter Web Client,208,134
79,"üì¢ #AXA supports the solidarity movement after the fire of Notre-Dame de Paris
https://t.co/JiVw0LUZNE",1118189494396755969,101,2019-04-16 16:28:45,Twitter Web Client,133,60
80,RT @thomasbuberl: Immense tristesse et √©motion de voir br√ªler ce grand symbole de la France que j‚Äôavais eu le privil√®ge de visiter avant le‚Ä¶,1118145639366447104,140,2019-04-16 13:34:29,Twitter Web Client,0,79
81,"RT @AXAIM: Today, AXA IM is holding its #SparkLive2019 session - ‚ÄúBuilding a better tomorrow, today‚Äù. CEO @_AndreaRossi_ will be joined by‚Ä¶",1118145331978539008,139,2019-04-16 13:33:15,Twitter Web Client,0,2
82,"RT @Jumalv: .@AXA entreprise la plus verte du CAC 40, selon un classement @MagazineCapital https://t.co/zqJEtfJEUO",1117711220897927168,114,2019-04-15 08:48:15,Twitter Web Client,0,44
83,RT @guiborie: This year @AXA will join @VivaTech as a key partner - terrific opportunity to showcase our most innovative #healthcare soluti‚Ä¶,1117710257214623744,140,2019-04-15 08:44:26,Twitter Web Client,0,27
84,RT @CecileWendling: We have made it ! The ethics guideline of the HLEG AI are out ! https://t.co/VOGzm3SnMA,1115515043016249344,107,2019-04-09 07:21:26,Twitter Web Client,0,13
85,"RT @thomasbuberl: I was very happy to meet w/ J√ºrgen Klopp, Liverpool Football Club‚Äôs manager. In life #insurance &amp; #football, the results‚Ä¶",1115512545459298304,143,2019-04-09 07:11:30,Twitter Web Client,0,63
86,"@bigandy18 Don‚Äôt worry, the @axainsurance team will get in touch with you to help.",1115224876447670273,82,2019-04-08 12:08:25,Mod√©rateur,0,0
87,"@ewanthomas2706 Ewan Thomas Hello, very sorry to hear this. Can I know where you‚Äôre located so the local team can help?",1114121243660255232,119,2019-04-05 11:02:58,Mod√©rateur,0,0
88,RT @AXAJobs_fr: Notre strat√©gie au service du #candidat a encore fait ses preuves! @Linkedin vient de nous classer dans le #TopCompanies201‚Ä¶,1113708964888363008,140,2019-04-04 07:44:43,Twitter Web Client,0,35
89,"@Richboro727 Hello, very sorry to hear this. Can I know where you‚Äôre located so the local team can help?",1113078106607190016,104,2019-04-02 13:57:55,Mod√©rateur,0,0
90,"@davidhayden1234 Hello, very sorry to hear this. Can I know where you‚Äôre located so the local team can help if you still need help?",1113065331302359040,131,2019-04-02 13:07:09,Mod√©rateur,0,0
91,"@peanut42head Hello, sorry to read this. Could you please let us know where you are located so the local team can help you?",1111651407659175938,123,2019-03-29 15:28:43,Mod√©rateur,0,0
92,"@Liendo6 Hello, sorry to hear about this. In order to help you, The @AXAFrance team will contact you soon.",1111291903918657536,106,2019-03-28 15:40:11,Mod√©rateur,0,0
93,RT @thomasbuberl: I'm delighted to welcome Gilles to the @AXA team as Group Chief economist. We'll benefit from his experience on global ec‚Ä¶,1110587474475212800,140,2019-03-26 17:01:02,Twitter Web Client,0,26
94,üì¢ #AXA announces the #appointment of Gilles Mo√´c as Group Chief Economist. Currently Chief European Economist of Ba‚Ä¶ https://t.co/NXID0aVLSI,1110585877489700864,140,2019-03-26 16:54:41,Twitter Web Client,27,12
95,RT @thomasbuberl: The successful placement of another tranche of EQH shares leading to the deconsolidation of EQH from AXA‚Äôs financial stat‚Ä¶,1110585154622418945,140,2019-03-26 16:51:49,Twitter Web Client,0,17
96,"@VipulPa15106392 Hello, very sorry to hear this. Can I know where you‚Äôre located so the local team can help?",1110139631876689920,108,2019-03-25 11:21:28,Mod√©rateur,0,0
97,RT @SoubranneC: Ce matin @thomasbuberl prend la parole sur la finance responsable @EU_Commission - comment d√©velopper les synergies entre l‚Ä¶,1108664583374495744,140,2019-03-21 09:40:09,Twitter Web Client,0,7
98,"RT @AXA_XL: The price tag of a #ransomware attack is on the rise.  That's why #cyber security is more important than ever, says @AXA_XL's M‚Ä¶",1108030862535413765,140,2019-03-19 15:41:58,Twitter Web Client,0,6
99,"@_JTLR Hello, we‚Äôre sorry to hear this. @axainsurance will get in touch with you to help out.",1107966118638034944,93,2019-03-19 11:24:42,Mod√©rateur,0,0
100,#AXA a annonc√© le lancement d‚Äôune offre secondaire d‚Äôactions ordinaires de sa filiale am√©ricaine AXA Equitable Hold‚Ä¶ https://t.co/IogLIHI5oW,1107916766599172097,140,2019-03-19 08:08:35,Twitter Web Client,21,9
101,"#AXA announced the launch of a secondary public offering of the shares of common stock of its U.S. subsidiary, AXA‚Ä¶ https://t.co/FvT9taYwvR",1107916382019170305,139,2019-03-19 08:07:04,Twitter Web Client,27,15
102,"RT @Guillot2S: Proud to host the 4th Edition of #AXAEngineeringSummit. During 3 days, 250 @AXA experts from around the world will share the‚Ä¶",1107713388090675200,140,2019-03-18 18:40:26,Twitter for iPhone,0,25
103,"@L75A Hello Lisa, Thank you for your tweet. The @axainsurance team will contact you to help you.",1107623319707238401,96,2019-03-18 12:42:32,Mod√©rateur,0,0
104,"@purtour1 @scripophilie @Mon_AXA Bonjour, je transmets votre demande aux √©quipes.",1106569264209768451,81,2019-03-15 14:54:06,Mod√©rateur,0,0
105,RT @LescatC: Bienvenue aux nouveaux membres du Comit√© de parrainage #AXAAtoutCoeur : @udecoene @GilbChahine @JulienGuenot Gr√©goire de La Ta‚Ä¶,1106498528573116416,140,2019-03-15 10:13:01,Twitter Web Client,0,21
106,RT @AXAResearchFund: This morning #AXARF is happy to announce the launch of a joint research initiative between Olivier Lopez @ISUP_Officie‚Ä¶,1106485659274039296,140,2019-03-15 09:21:53,Twitter Web Client,0,6
107,‚Äú#IDW19 is an opportunity to remind that there is still room for progress to reach equal rights for ‚ôÄ and ‚ôÇ across‚Ä¶ https://t.co/kmXL6zZrN0,1105427485553053702,139,2019-03-12 11:17:05,Twitter Web Client,11,1
108,¬´ #IWD2019 est l‚Äôoccasion de rappeler qu‚Äôil y a encore du chemin √† parcourir pour atteindre l‚Äô√©galit√© entre ‚ôÄ  et ‚ôÇ‚Ä¶ https://t.co/RY7Qw7YXVj,1105427255264710656,140,2019-03-12 11:16:10,Twitter Web Client,7,5
109,"@TWorld122 Hello, sorry to read this. Could you please let us know where you are located so the local team can help you?",1105157768225394688,120,2019-03-11 17:25:19,Mod√©rateur,0,0
110,"@Didipoccampe @Mon_AXA Bonjour, navr√© de lire votre Tweet. Je transmets aux √©quipes.",1105064440305803264,84,2019-03-11 11:14:28,Mod√©rateur,0,0
111,RT @serenawilliams: 84% of women think other women‚Äôs support is critical to advancing their careers. On #IWD2019 women let‚Äôs promise to emp‚Ä¶,1104021014458048512,140,2019-03-08 14:08:16,Twitter Web Client,0,2111
112,"RT @JulienSteimer: 2 days after sharing sessions with @thomasbuberl, G. Watson &amp; female talents @AXAIndonesia &amp; @AXA_Mandiri, great mobiliz‚Ä¶",1104003241765990401,148,2019-03-08 12:57:38,Twitter Web Client,0,11
113,RT @AXAResearchFund: ¬´ La recherche d√©di√©e aux femmes peut contribuer √† r√©duire les in√©galit√©s en mati√®re de sant√©. Nous sommes fiers de so‚Ä¶,1103998982416723969,140,2019-03-08 12:40:43,Twitter Web Client,0,14
114,"RT @GauciRobert: #AXA joined #HeForShe! In CZ/SK, 70% of employees and 45% of my direct reports are women! Gender equality is a must to get‚Ä¶",1103971993496498183,140,2019-03-08 10:53:28,Twitter Web Client,0,5
115,RT @AXAResearchFund: Unmet health needs are an important source of gender inequality. Convinced that woman-specific research can help bridg‚Ä¶,1103956241229979648,140,2019-03-08 09:50:53,Twitter Web Client,0,14
116,"RT @rohnambiar: Super proud to support this...

In Malaysia, 62.5% of our Exco on the Life side are women and more than 70% of my direct re‚Ä¶",1103901299433598984,140,2019-03-08 06:12:33,Twitter for iPhone,0,4
117,Saviez-vous que le film ‚ÄúApocalypse Now‚Äù a co√ªt√© √† la soci√©t√© de production 30 millions de dollars ? Soit pr√®s du d‚Ä¶ https://t.co/wLL8Nq3OS0,1103610586351456256,140,2019-03-07 10:57:22,Twitter Web Client,13,4
118,Did you know that ‚ÄúApocalypse Now‚Äù costed the production company a whopping $30 million? Nearly double the initial‚Ä¶ https://t.co/qkfrOYSMBI,1103609782097899521,139,2019-03-07 10:54:10,Twitter Web Client,23,8
119,"@TWorld122 Hello, very sorry to hear this. Can I know where you‚Äôre located so the local team can help?",1103353820921384972,102,2019-03-06 17:57:04,Mod√©rateur,0,0
120,"RT @AXAIM: For each photo with the hashtag #HeForShe and #AXA shared by an employee, @AXA will make a donation to @PlanGlobal. Join our CEO‚Ä¶",1102914427228225536,140,2019-03-05 12:51:05,Twitter Web Client,0,23
121,"@Aime01111 Aime Hello, could you please let me kow where you are located so the local team can help you?",1101088539268272134,104,2019-02-28 11:55:39,Mod√©rateur,0,0
122,"@Aigburthgirl1 Hello, sorry to read this. Could you please let us know where you are located so the local team can help you?",1100083372993462279,124,2019-02-25 17:21:29,Mod√©rateur,0,0
123,"RT @serenawilliams: Where I am, says a lot about where I began. And self-belief has a lot to do with it. @axa https://t.co/I7hoeE0v4c https‚Ä¶",1098935095782707201,140,2019-02-22 13:18:38,Twitter Web Client,0,85
124,RT @AXAVentures: What we have seen in 2018 and what's ahead for 2019 ? We sat down with our global investment team and asked them about the‚Ä¶,1098592172570480640,140,2019-02-21 14:35:59,Twitter Web Client,0,11
125,"2018 a √©t√© une ann√©e d√©cisive pour @AXA, marqu√©e par une tr√®s bonne performance op√©rationnelle et une transformatio‚Ä¶ https://t.co/Q90qtSJZxz",1098478650826149890,140,2019-02-21 07:04:53,Twitter Media Studio,143,54
126,"2018 is a year apart in the history of AXA, marked by a profound transformation and a strong operating performance.‚Ä¶ https://t.co/5SWzTMtBMw",1098477006432464896,140,2019-02-21 06:58:21,Twitter Media Studio,138,69
127,üì¢R√©sultats annuels 2018 : Une ann√©e d√©cisive pour notre strat√©gie Focus et Transform | Communiqu√© de presse :‚Ä¶ https://t.co/FVwm8xv2wH,1098471707013234689,134,2019-02-21 06:37:18,Twitter Web Client,74,55
128,üì¢Full Year 2018 Earnings: A pivotal year in our Focus &amp; Transform strategy | Press release: https://t.co/ZW9aJQiXcg‚Ä¶ https://t.co/RnABbMOPc3,1098469065130151936,144,2019-02-21 06:26:48,Twitter Web Client,57,45
129,Le Groupe @AXA publiera ses r√©sultats annuels 2018 le jeudi 21 f√©vrier 2019 √† 7h00 (heure de Paris). La conf√©rence‚Ä¶ https://t.co/D0KwoGqmKN,1097900034870382592,139,2019-02-19 16:45:40,Twitter Web Client,55,38
130,"The @AXA Group will publish its Full-Year 2018 Earnings on Thursday, February 21, 2019 at 7:00am (Paris time). The‚Ä¶ https://t.co/wCPhWEDUgh",1097877236512968704,139,2019-02-19 15:15:05,Twitter Web Client,51,23
131,"@fbmariehenrion Bonjour, merci, nous avons inform√© les √©quipes locales. Pourriez vous supprimer votre tweet car il‚Ä¶ https://t.co/e9oxSHVANP",1097765239838396417,139,2019-02-19 07:50:03,Mod√©rateur,0,0
132,RT @thomasbuberl: Thank you @serenawilliams. I am very proud of this new global campaign. Know You Can perfectly symbolizes the ambition we‚Ä¶,1097508973111070720,140,2019-02-18 14:51:44,Twitter Web Client,0,47
133,"@fbmariehenrion Bonjour, navr√© de lire votre insatisfaction. Pouvez-vous m'indiquer votre pays afin que les √©quipes‚Ä¶ https://t.co/BX4WNUwDqj",1097449990652391425,140,2019-02-18 10:57:22,Mod√©rateur,0,0
134,"@raddog60 Hello, very sorry to hear this. Can I know where you‚Äôre located so the local team can help?",1097443365568811009,101,2019-02-18 10:31:02,Mod√©rateur,0,0
135,"@CynthinaWang Hello, sorry to see your tweet. Please DM @AXA_Assistance with more information so they can help.",1095973736547864581,111,2019-02-14 09:11:15,Mod√©rateur,0,0
136,"@RubaSufi Hello, best you get directly in touch with the Schengen team by chat on the website or by mail at info.schengen@axa-schengen.com",1095672753758314498,138,2019-02-13 13:15:15,Mod√©rateur,0,0
137,RT @AXAIM_FR: Le dernier n√© de notre offre th√©matique √©volue dans l‚Äôunivers des fintech; d√©couvrez-le ici : https://t.co/Mff8JEA4hk,1095280317408206848,131,2019-02-12 11:15:51,Twitter Web Client,0,3
138,"@AndrewK17621420  Hello, very sorry to hear this. Can I know where you‚Äôre located so the local team can help?",1094918859835015168,109,2019-02-11 11:19:33,Mod√©rateur,0,0
139,"@nicholasv707 Don‚Äôt worry, @axainsurance will get in touch with you to help.",1093534980565811201,76,2019-02-07 15:40:30,Mod√©rateur,0,0
140,"@nicholasv707 Hello, very sorry to hear this. Can I know where you‚Äôre located so the local team can help?",1093529631838351362,105,2019-02-07 15:19:15,Mod√©rateur,0,0
141,"""55% of the respondents of the 1,235 risk professionals (all over the globe) who participated in the 2018 survey ar‚Ä¶ https://t.co/kpfGZ9VA4Q",1093434016282349568,140,2019-02-07 08:59:19,Twitter Web Client,15,8
142,"RT @thomasbuberl: Our new global campaign &amp; new tagline ""Know You Can"", in partnership with sports legends, perfectly embodies #AXA's cultu‚Ä¶",1092774454227361793,144,2019-02-05 13:18:27,Twitter Web Client,0,103
143,"#tourism: At every step before, during &amp; after your trip, @AXA‚Äôs travel #insurance plan appears directly into‚Ä¶ https://t.co/5ZJW7NlPyx",1092717939722211328,138,2019-02-05 09:33:53,Twitter Web Client,16,8
144,"#insurance Asset Risk Awards 2019:  for a second year in a row, @AXAIM won Real Asset Manager of the year!‚Ä¶ https://t.co/nbjgPAjuaf",1092715670989619200,131,2019-02-05 09:24:52,Twitter Web Client,13,5
145,"@Billie_kay11 Hello, can I know where you‚Äôre located so the local team can help?",1092439339399827456,80,2019-02-04 15:06:49,Mod√©rateur,0,0
146,"üì¢#AXA unveiled today its new tagline which will be rolled out across all its markets ""Know you can"". This new promi‚Ä¶ https://t.co/5BsQBG3jiO",1091290965862686723,140,2019-02-01 11:03:36,Twitter Web Client,106,54
147,"RT @thomasbuberl: I'm very proud of this new global campaign. ""Know You Can"" symbolizes the ambition we have of making #AXA a partner capab‚Ä¶",1091288058555711488,140,2019-02-01 10:52:02,Twitter Web Client,0,90
148,Le Groupe @AXA publiera ses r√©sultats annuels 2018 le jeudi 21 f√©vrier 2019 √† 7h00 (heure de Paris),1089917486298992640,99,2019-01-28 16:05:53,Twitter Web Client,30,13
149,"@WetTheTae Hello, I‚Äôm sorry to read this. Where are you located? The local team will be able to help.",1089836413498073089,101,2019-01-28 10:43:43,Mod√©rateur,0,0
150,AXA Next is racing to build disruptive new businesses in the world #innovation https://t.co/jFMZLckN4K,1088842500251533313,102,2019-01-25 16:54:16,Twitter Web Client,102,54
151,"@davril85 @Mon_AXA Bonjour, navr√© de lire votre Tweet. Je transmets aux √©quipes.",1088749499596587009,80,2019-01-25 10:44:43,Mod√©rateur,0,0
152,"@AyanmoInfano Hello, I‚Äôm sorry to read this. Where are you located? The local team will be able to help.",1088484426928058368,104,2019-01-24 17:11:25,Mod√©rateur,0,0
153,"@carr_chrissyc84 Hello, very sorry to hear this. Can I know where you‚Äôre located so the local team can help?",1088423523129982977,108,2019-01-24 13:09:24,Mod√©rateur,0,0
154,What are the Top 5 Emerging Risks? #climatechange? #Cyber? #Insurance is about understanding today &amp; tomorrow's ris‚Ä¶ https://t.co/i9svgSzujZ,1088393264905027585,144,2019-01-24 11:09:10,Twitter Web Client,65,37
155,RT @AXAUK: Learn more about the genetic research that could unlock the secrets of a longer and healthier life #AXAResearchFund  FutureOfAge‚Ä¶,1088383978648817664,140,2019-01-24 10:32:16,Twitter Web Client,0,7
156,"üì¢ Effective March 1, @udecoene, currently Chief of Staff to @thomasbuberl, CEO of #AXA, is appointed Group Head of‚Ä¶ https://t.co/p7HbZcs9di",1088125491737960448,139,2019-01-23 17:25:08,Twitter Web Client,184,53
157,"@latamenlacasa Hola, lamentamos ver su post. Si puede enviar un DM a @AXA_Assistance con sus datos, ellos podr√°n ayudarlo.",1088045824926515200,122,2019-01-23 12:08:34,Mod√©rateur,0,0
158,"@ShrishaKumar Hello, we are sorry to see your post. If you could kindly DM @AXA_Assistance with your details, they will be able to assist.",1088044031777693697,138,2019-01-23 12:01:26,Mod√©rateur,0,0
159,"@hawkinster999 Hello, so sorry to hear about this. Where are you located? The local team can help you.",1087732614738395137,102,2019-01-22 15:23:59,Mod√©rateur,0,0
160,"@taisezmoi ùï•ùïíùïöùï§ùïñùï´ùïûùï†ùïö @Mon_AXA Bonjour, navr√© de lire votre Tweet. Pourriez-vous me donner plus d'informations via D‚Ä¶ https://t.co/FO0K0xpvdp",1087358558260416512,140,2019-01-21 14:37:37,Mod√©rateur,0,0
161,"@JaneCouchMBE Hello, please DM @axainsurance to get in touch with a representative in your area",1086259787447324673,95,2019-01-18 13:51:29,Mod√©rateur,0,0
162,"RT @AXAIM: We are pleased that @AXAIM private debt expertise, combining #RealAssets and #StructuredFinance, is ranked n¬∞1 European player a‚Ä¶",1085892391259652097,140,2019-01-17 13:31:35,Twitter Web Client,0,6
163,"RT @AXAIM: Proud to partner with @Dreams_app, empowering people to save and invest
towards their goals #Fintech #AI #millennials https://t.‚Ä¶",1085892363057270784,140,2019-01-17 13:31:28,Twitter Web Client,0,22
164,"RT @guiborie: Leveraging the power of #technology to offer new solutions and services to our customers, that‚Äôs the objective of our #innova‚Ä¶",1085558783756173312,140,2019-01-16 15:25:57,Twitter Web Client,0,17
165,"How will #Brexit impact the #insurance industry? Watch the video interview with @DenisDuverne, Chairman of the boar‚Ä¶ https://t.co/oC6CNSolYP",1085557980937023488,140,2019-01-16 15:22:46,Twitter Web Client,27,17
166,"@PortugueseMom_4 Hello, sorry to read this. Could you please let me know where you are located so the local team can help you?",1085078490620268544,126,2019-01-15 07:37:26,Mod√©rateur,0,0
167,"@SandyLM13 @Mon_AXA Bonjour, navr√© de lire votre Tweet. Je transmets aux √©quipes.",1084754008290586624,81,2019-01-14 10:08:03,Mod√©rateur,0,0
168,"@macquad Hello, please get in touch with an AXA representative in your area by sending a DM to @AXAMansard",1083299804778766336,106,2019-01-10 09:49:34,Mod√©rateur,0,0
169,"@BrettRobertHar2 Hello, I‚Äôm sorry to read this. Where are you located? The local team will be able to help.",1082694784869818368,107,2019-01-08 17:45:26,Mod√©rateur,0,0
170,üé¨ Thank you all for this amazing year! Watch the 2018 Best of video. Looking forward for 2019... https://t.co/NP1bMeEE9W,1077934737619107840,120,2018-12-26 14:30:43,Twitter Ads Composer,63,28
171,RT @thomasbuberl: Avec @accor @BNPParibas @GroupeCarrefour @CreditMutuel @Credit_Agricole @Danone @ENGIEgroup @_Groupe_Korian @orange @Schn‚Ä¶,1075094549146550272,140,2018-12-18 18:24:49,Twitter Web Client,0,57
172,"@jeffMLBdraft Hello, very sorry to hear this. Can I know where you‚Äôre located so the local team can help?",1075068116219125763,105,2018-12-18 16:39:47,Mod√©rateur,0,0
173,"Today in the 17th arrondissement of #Paris, @AXA is inaugurating ‚ÄúJAVA‚Äù, its new global center dedicated to‚Ä¶ https://t.co/orSugnM4P8",1074987650753421312,132,2018-12-18 11:20:02,Twitter Web Client,51,27
174,"RT @AudreyBrahim: ¬´¬†Together stronger to disrupt the insurance model¬†¬ª. Aujourd‚Äôhui inauguration des locaux JAVA √† Paris, le p√¥le @AXA d√©di‚Ä¶",1074977274980655104,140,2018-12-18 10:38:49,Twitter Web Client,0,12
175,RT @AXAIM: A look ahead to 2019: AXA IM‚Äôs Research and Investment Strategy team shares their views and #macro outlook for #Eurozone üá™üá∫‚û°Ô∏èhtt‚Ä¶,1074977166440452096,140,2018-12-18 10:38:23,Twitter Web Client,0,9
176,"RT @AXALuxembourg: En plein c≈ìur de Paris, @axa inaugure un p√¥le mondial d√©di√© √† l‚Äôinnovation.

¬´ JAVA ¬ª est un espace √©cologique, technolo‚Ä¶",1074977094361337856,140,2018-12-18 10:38:06,Twitter Web Client,0,9
177,"RT @clararodsti: In the heart of Paris, @AXA inaugurates global innovation center https://t.co/n1A4oNBHqJ with our global CEO @thomasbuberl",1074976391781851136,139,2018-12-18 10:35:18,Twitter Web Client,0,11
178,"RT @EmmanuelTZ: Congrats @LFC, Premier League leader after 3-1 victory over @ManUtd ü•á‚öΩÔ∏è
 
@AXA global insurance partner of #LiverpoolFC htt‚Ä¶",1074946525204283393,140,2018-12-18 08:36:37,Twitter Web Client,0,14
179,"RT @RomChamp: @thomasbuberl, CEO d‚Äô@AXA, rend visite aux √©quipes #innovation &amp; #tech et inaugure le nouvel emplacement d‚Äô#AXA dans les Bati‚Ä¶",1074945024578736128,144,2018-12-18 08:30:40,Twitter Web Client,0,2
180,"@DamoRed39  Hello, thanks for getting in touch. Can you please let me know where you are located so the local team can help you?",1074676119310352385,128,2018-12-17 14:42:08,Mod√©rateur,0,0
181,@AineUsher Thank you for this information. Our team will get in touch with you as soon as possible.,1074635034085285889,99,2018-12-17 11:58:52,Mod√©rateur,0,0
182,"@AineUsher  Hello, very sorry to hear this. Can I know where you‚Äôre located so the local team can help?",1074629683529084929,103,2018-12-17 11:37:36,Mod√©rateur,0,0
183,"@ClaireT38158069 Hello, very sorry to hear this. Can I know where you‚Äôre located so the local team can help?",1072910106570956802,108,2018-12-12 17:44:37,Mod√©rateur,0,0
184,"üèÜ#AXA Hong Kong has been awarded with the prestigious ""Asia Insurance Industry Award"" in the category of Technology‚Ä¶ https://t.co/B5RfIJO5k3",1071035453053329411,140,2018-12-07 13:35:25,Twitter Web Client,29,7
185,RT @AXAItalia: üéâSuper good news! #AXA Italy wins the @Lundquist award Best Storytelling for the blogs #NatiPer and Un Post Protetto: a cont‚Ä¶,1071032623349280769,140,2018-12-07 13:24:10,Twitter Web Client,0,8
186,"üèÜ#JDPowerAwards: XL Catlin, now part of @AXA_XL, ranks highest among insurers in @JDPower 2018 Large Commercial‚Ä¶ https://t.co/E1ZZjfRD9T",1071031817606782976,136,2018-12-07 13:20:58,Twitter Web Client,10,5
187,üèÜ@Le_Revenu publie le palmar√®s 2018 de la communication des soci√©t√©s du CAC 40 et du SBF 120 avec leurs actionnaire‚Ä¶ https://t.co/pBkam7pQnT,1070960198859264000,140,2018-12-07 08:36:23,Twitter Web Client,39,20
188,"@Mekmek1985 Hello, very sorry to hear this. Can I know where you‚Äôre located so the local team can help?",1070706635608330240,103,2018-12-06 15:48:49,Mod√©rateur,0,0
189,"@MedjinFadian12 Hello, I‚Äôm sorry to read this. Where are you located? The local team will be able to help.",1070690290724466688,106,2018-12-06 14:43:52,Mod√©rateur,0,0
190,"@Dunphyed Hello, very sorry to hear this. Can I know where you‚Äôre located so the local team can help?",1070683649090179073,101,2018-12-06 14:17:28,Mod√©rateur,0,0
191,RT @Eric_Lemaire: Nous aurons toujours besoin d‚Äôune bonne Protection Juridique !!  #√âcris LaSuite  ‚Å¶@BensegnorP‚Å© https://t.co/KA9f8aYT6w,1069919694302429185,136,2018-12-04 11:41:47,Twitter Web Client,0,26
192,"RT @DenisDuverne: Avec Serge Weinberg, nous avons lanc√© ce matin une nouvelle initiative en faveur de la philanthropie https://t.co/n4iXNIv‚Ä¶",1069878851508027392,140,2018-12-04 08:59:30,Twitter Web Client,0,38
193,"@ExcelSaga2302 Hello, sorry to read this. Could you please let me know where you are located so the local team can help you?",1068510461170204674,124,2018-11-30 14:22:00,Mod√©rateur,0,0
194,"#AXA 2018 Investor Day - Greg Hendrick, CEO of @AXA XL, presented his vision for the newly created @AXA_XL entity,‚Ä¶ https://t.co/AJzD6wCuRB",1068025422514917376,139,2018-11-29 06:14:38,Twitter Media Studio,46,22
195,"#AXA 2018 Investor Day - Gordon Watson, CEO of @AXA in Asia, presented his vision &amp; strategy for @AXA_Asia where he‚Ä¶ https://t.co/Y1pu3SUonE",1068024454012432384,144,2018-11-29 06:10:47,Twitter Media Studio,54,17
196,"#AXA will host its 2018 Investor Day in London today at 9:00 am GMT (10am Paris Time) w/ @thomasbuberl, CEO, G√©rald‚Ä¶ https://t.co/gWB54gZhFX",1067690867840962560,140,2018-11-28 08:05:14,Twitter Web Client,16,11
197,"RT @AXAUKCEO: Thank you for all your hard work, Keith. Welcome to the @AXA family @tracygarrad https://t.co/aYZcNBnHuU",1067448107829510146,118,2018-11-27 16:00:35,Twitter Web Client,0,13
198,RT @PSI_Initiative: Brilliant news from @AXA and @InsDevForum Chair @DenisDuverne to end Day 1 of the @UNEP_FI Global Roundtable in Paris.‚Ä¶,1067448024278941696,139,2018-11-27 16:00:15,Twitter Web Client,0,6
199,@GerusaSimoes Hello. Can I know where you‚Äôre located so the local team can help?,1067356851057188869,80,2018-11-27 09:57:58,Mod√©rateur,0,0
